{
    "templates": {
        "shop": {
            "layout": "master",
            "components": {
                "hero": {
                    "type": "hero",
                    "properties": {
                        "headline": "New Theme Available!",
                        "title": "Enhance your online experience with<br>[{{ shop.name }}]",
                        "subtitle": "A premium theme designed to help you create a beautiful and functional online store.",
                        "show_searchbar": true,
                        "buttons": [
                            {
                                "text": "Shop Now",
                                "icon": "fas fa-shopping-cart",
                                "link": "#products",
                                "new_tab": false,
                                "color": "primary"
                            },
                            {
                                "text": "View Reviews",
                                "icon": null,
                                "link": "#feedbacks",
                                "new_tab": false,
                                "color": "secondary"
                            }
                        ],
                        "alignment": "center",
                        "height": "medium",
                        "text_width": "large",
                        "background_image": null,
                        "side_image": null
                    }
                },
                "features": {
                    "type": "features",
                    "properties": {
                        "headline": null,
                        "title": null,
                        "subtitle": null,
                        "highlights": [
                            {
                                "title": "Instant Delivery",
                                "description": "We provide instant delivery for all of our producs to ensure the best experience for our customers.",
                                "icon": "fas fa-truck"
                            },
                            {
                                "title": "Secure Payments",
                                "description": "We use the latest technology to ensure that your payments are secure and your data is safe.",
                                "icon": "fas fa-shield"
                            },
                            {
                                "title": "24\/7 Support",
                                "description": "Our support team is available 24\/7 to help you with any questions or issues you might have.",
                                "icon": "fas fa-clock"
                            },
                            {
                                "title": "Huge Selection",
                                "description": "We offer a huge selection of products to ensure that you can find exactly what you need.",
                                "icon": "fas fa-box"
                            }
                        ]
                    }
                },
                "products": {
                    "type": "products",
                    "properties": {
                        "headline": "New Products in Stock!",
                        "title": "Our [Featured] Products",
                        "subtitle": "Explore our exclusive products and offers and find the perfect fit for you!"
                    }
                },
                "stats": {
                    "type": "stats",
                    "properties": {
                        "headline": "{{ shop.name }} Stats",
                        "title": "Let's [Talk] Numbers",
                        "subtitle": "Our shop has been growing rapidly and we are proud to share some of our stats with you!",
                        "stats": [
                            {
                                "icon": "fas fa-calendar-alt",
                                "title": "Years in Business",
                                "value": "4"
                            },
                            {
                                "icon": "fas fa-shopping-cart",
                                "title": "Products Delivered",
                                "value": "{{ shop.products_sold }}"
                            },
                            {
                                "icon": "fas fa-users",
                                "title": "Customers Served",
                                "value": "{{ shop.total_customers }}"
                            },
                            {
                                "icon": "fas fa-star",
                                "title": "Average Rating",
                                "value": "{{ shop.average_rating }}"
                            }
                        ],
                        "animated": true
                    }
                },
                "feedbacks": {
                    "type": "feedbacks",
                    "properties": {
                        "headline": "Customer Reviews",
                        "title": "What [Buyers] Say",
                        "subtitle": "See what our buyers have to say about us and our products!",
                        "amount": 8
                    }
                },
                "socials": {
                    "type": "socials",
                    "properties": {
                        "headline": "Stay Connected",
                        "title": "Follow [Our] Socials",
                        "subtitle": "Stay up to date with our latest news and offers by following us on social media!",
                        "socials": [
                            {
                                "name": "Discord",
                                "icon": "fab fa-discord",
                                "link": "{{ shop.discord_url }}"
                            },
                            {
                                "name": "Telegram",
                                "icon": "fab fa-telegram",
                                "link": "{{ shop.telegram_url }}"
                            },
                            {
                                "name": "Instagram",
                                "icon": "fab fa-instagram",
                                "link": "{{ shop.instagram_url }}"
                            },
                            {
                                "name": "TikTok",
                                "icon": "fab fa-tiktok",
                                "link": "{{ shop.tiktok_url }}"
                            }
                        ]
                    }
                },
                "faq": {
                    "type": "faq",
                    "properties": {
                        "headline": "Got Questions?",
                        "title": "Frequently [Asked] Questions",
                        "subtitle": "Here are some of the most frequently asked questions about our products.",
                        "items_per_row": 1,
                        "items": [
                            {
                                "question": "What is this theme?",
                                "answer": "This is a premium SellAuth theme designed to help you create a beautiful and functional online store."
                            },
                            {
                                "question": "How much does it cost?",
                                "answer": "This theme is available for a one-time purchase of $49.99."
                            }
                        ]
                    }
                },
                "video-gallery": {
                    "type": "video-gallery",
                    "properties": {
                        "headline": "Check These Clips.",
                        "title": "Video [Gallery]",
                        "subtitle": "Showcase your products in videos.",
                        "items_per_row": 2,
                        "videos": [
                            {
                                "link": "https:\/\/www.youtube.com\/watch?v=iUtnZpzkbG8&pp=ygULc3RvY2sgdmlkZW8%3D"
                            },
                            {
                                "link": "https:\/\/www.youtube.com\/watch?v=Faow3SKIzq0&pp=ygULc3RvY2sgdmlkZW8%3D"
                            }
                        ]
                    }
                },
                "text-block": {
                    "type": "text-block",
                    "properties": {
                        "headline": "Epic New Theme.",
                        "title": "Why [Glitch]?",
                        "subtitle": "The Ultimate Solution for Selling Digital Products Online",
                        "text": "SellAuth is the ultimate solution for selling digital products online. With our extensive experience in running eCommerce stores, we understand the unique challenges that come with selling digital goods. This understanding has driven us to create SellAuth, empowering individuals like you to start selling digital products online with ease.\n<br>\nGone are the days of requiring advanced technical skills or building a storefront from scratch. SellAuth handles all the complexities for you, allowing you to set up your storefront within minutes and automate the most challenging aspects of selling digital products.\n<br>\nExperience the power of SellAuth today and unlock a world of new opportunities for your digital business. Share your SellAuth store URL across the internet and witness the effortless flow of sales. By automating time-consuming tasks, SellAuth saves you precious time and valuable resources, enabling you to focus on what truly matters: growing your business.\n\nWith SellAuth, you gain effective management of your digital products, streamlined sales processes, and an expanded customer base. Stay ahead of the competition and achieve your business goals with our intuitive and user-friendly platform.",
                        "buttons": [],
                        "show_background": true,
                        "title_alignment": "center",
                        "content_alignment": "center"
                    }
                }
            },
            "components_order": [
                "hero",
                "features",
                "products",
                "stats",
                "feedbacks",
                "socials",
                "faq",
                "video-gallery",
                "text-block"
            ]
        },
        "cart": {
            "layout": "master",
            "components": {
                "cart-page": {
                    "type": "cart-page",
                    "properties": []
                }
            },
            "components_order": [
                "cart-page"
            ]
        },
        "product": {
            "layout": "master",
            "components": {
                "product-page": {
                    "type": "product-page",
                    "properties": {
                        "variant_selector": "buttons",
                        "show_feedbacks": true,
                        "feedbacks_amount": 4,
                        "hide_products_sold": false,
                        "hide_add_to_cart": false,
                        "hide_buy_now": false
                    }
                }
            },
            "components_order": [
                "product-page"
            ]
        },
        "feedback": {
            "layout": "master",
            "components": {
                "feedback-page": {
                    "type": "feedback-page",
                    "properties": []
                }
            },
            "components_order": [
                "feedback-page"
            ]
        },
        "terms": {
            "layout": "master",
            "components": {
                "terms-page": {
                    "type": "terms-page",
                    "properties": []
                }
            },
            "components_order": [
                "terms-page"
            ]
        },
        "status": {
            "layout": "master",
            "components": {
                "status-page": {
                    "type": "status-page",
                    "properties": []
                }
            },
            "components_order": [
                "status-page"
            ]
        }
    },
    "global": {
        "properties": {
            "accent_color": "#6571ff",
            "background_primary_color": "#16171c",
            "background_secondary_color": "#202128",
            "background_tertiary_color": "#131419",
            "text_primary_color": "#ffffff",
            "text_accent_color": "#ffffff",
            "border_color": "#22232b",
            "line_color": "#22232b",
            "line_accent_color": "#ffffff",
            "font": "Tomorrow",
            "font_mono": "Chivo Mono",
            "product_image_fit": "cover",
            "snow": false
        },
        "components": {
            "announcement": {
                "announcements": [
                    {
                        "text": "\ud83d\udca5 New Premium Theme Available!",
                        "link": null,
                        "new_tab": false
                    },
                    {
                        "text": "\ud83d\udd25 Spice Up Your Shop with New Features!",
                        "link": null,
                        "new_tab": false
                    },
                    {
                        "text": "\u231b What Are You Waiting For? Upgrade Now!",
                        "link": null,
                        "new_tab": false
                    }
                ],
                "animation": "fade"
            },
            "navbar": {
                "show_shop_name": true,
                "show_logo": true,
                "left_links": [
                    {
                        "text": "Home",
                        "link": "\/",
                        "shape": "regular"
                    },
                    {
                        "text": "Products",
                        "link": "\/#products",
                        "shape": "regular"
                    },
                    {
                        "text": "Feedback",
                        "link": "\/feedback",
                        "shape": "regular"
                    },
                    {
                        "text": "Status",
                        "link": "\/status",
                        "shape": "regular"
                    }
                ],
                "right_links": [
                    {
                        "text": "Customer Panel",
                        "link": "\/customer",
                        "shape": "button"
                    }
                ],
                "hide_cart": false
            },
            "footer": {
                "show_shop_name": true,
                "show_logo": false,
                "show_socials": true,
                "copyright": "Copyright \u00a9 {{ shop.name }} {{ '' | currentYear }}",
                "links": [
                    {
                        "text": "Home",
                        "link": "\/"
                    },
                    {
                        "text": "Products",
                        "link": "\/#products"
                    },
                    {
                        "text": "Feedback",
                        "link": "\/feedback"
                    },
                    {
                        "text": "Terms of Service",
                        "link": "\/terms"
                    }
                ]
            }
        }
    }
}